cl,vf,r,x,y,z,vx,vy,vz,p,xx,xy,xz,yy,yz,zz
0,1.000771581568238533,0.62051000021649038718,1.0005394334941766221,0.72306220636166274041,0.58239764246391756419,-0.024037719633226369703,-0.019121219269080509673,-0.00042540894648655758984,-0.054841747310011026983,1.3151096483026065709,0.72672134611677352556,0.60095927711101682078,0.55327386792962107709,0.39721201405896128245,0.48941383232602370112
1,1.275945765314142951e-06,0.006728442342451158853,1.5281177010036408603,0.60986705180609668275,1.6510521873390657799,0.14990624623588241771,-0.013361903698645503924,-0.010231116998383492367,0.0022685681499751602155,2.3351554826059892633,0.93194910815850995345,2.5230021311359669411,0.37194881198070561812,1.0069222429746818026,2.7259848113035913819
2,1.7198591290591793465e-06,0.0074324972221583070903,1.0459343311535784782,0.38009183224749931718,0.74996283022931398143,-0.0019861588578694356656,-0.001268436019077795289,0.019540594548480390985,0.031853296147862704413,1.0939925187176136046,0.39755067444985453529,0.784411948578529028,0.14448354009101047057,0.2850548497540895676,0.56245717273737683151
3,2.941267130871769371e-06,0.0088882300512655842278,1.0761085893006865355,0.30701128066853239362,0.79940867917066504855,-0.031081212175413642368,-0.030656595827597190457,0.0099547610598692496536,0.051497157543105014088,1.158027638260125558,0.33037896749524459095,0.86024995820767302668,0.094274278811337583472,0.24542810295646175223,0.63907219013392657647
4,2.6476168305057707073e-06,0.0085820065426527418484,1.3252006338530868401,0.27946170164797090596,0.13527464019163429332,0.94505709620817890393,-0.3947214389700632875,-0.033006699697959544781,0.044817271845694159338,1.7561761992730704485,0.37034432387302679279,0.17926600202164888476,0.078114828531353222574,0.037806187184820233549,0.018315755460639709939
5,2.1704210759064615307e-06,0.0080319031474016030353,1.6191643443296743765,0.51396671486295408826,1.4513254744980292887,0.22649137996960569397,0.030891397759430068437,0.063558713980242653729,0.011645079965169394948,2.6217082932677793217,0.83219646642574385265,2.3499327423060614173,0.26417682346196119658,0.74593288755536546475,2.106361312166705968
6,3.353857014992686944e-06,0.0092857854438499753957,1.1460770260949368904,0.31174290329809734024,0.2081559717362497508,0.029724021387984564391,-0.02666587954367226343,0.022147318905355730528,0.030390676211103976462,1.3135115715156335803,0.35728203224646332137,0.23856262214603776717,0.097205078949179193892,0.064892039771239778956,0.043348459773357904401
7,2.5188454769864288747e-06,0.0084405543780776016299,1.6732295507922578803,0.61572330855160073426,1.0706607643432972665,0.43007217488115528914,0.019218687759911912832,-0.0035948047177212600831,-0.0041555093383295370682,2.7997135925093750153,1.0302466399649565787,1.7914614331447316076,0.37913140540368095444,0.65923031218063221637,1.1463313459249704351
8,2.1825746376685905024e-06,0.0080468671547301966196,1.7204860542842923543,0.58407461617422273825,1.2033173550250479966,0.46220349989526104961,-0.025877315480816960591,-0.023918658478978910981,0.0030730480910936847777,2.9600885853692870953,1.0048920536714314178,2.070291119501628252,0.34115952608727767581,0.70282917628776908625,1.4479868115651310934
9,6.5250125942208849576e-06,0.01159215683688549596,1.7278879804190090397,0.59190740602200608844,1.3911118658710766027,0.36901759922835158934,-0.029602196361834073879,-0.0018314589466408414536,-0.020975185337517968792,2.9856275722964755737,1.0227440109592258466,2.403686259645472667,0.35038409368735734528,0.82340968623091326251,1.9352205680299079393
10,2.2025578839155067674e-06,0.0080713511207351120585,1.2621969737362579433,0.24636420715946000248,1.143944174581778217,0.33451062567998518515,-0.18065442134146006414,-0.082024143352413425578,0.046976322626654000436,1.5931588348042291514,0.31096038008108900508,1.4438799913554911658,0.060707426798598806972,0.28182431603070318138,1.3086274068706158502
11,3.9242453192488399804e-07,0.0045417425577026458716,1.8170948113821290271,0.5255237185923882226,1.3418778596241367485,0.33973887040289429962,0.028925790447349435108,0.052189187565018967108,0.059666747093552296999,3.3018404601690396483,0.95492688420132509908,2.4383196219727532039,0.2761818017355941457,0.70518856670114249408,1.8006427947226901765
12,1.2784123275793923946e-06,0.0067327751910153431705,1.2637301822306890031,0.2608554588136836605,0.60247731954899341744,0.23079615281011231498,-0.1201647436611589792,-0.2013585387528410986,0.029198842719090647296,1.5970264746135562905,0.32965079586084661267,0.76136843415366883825,0.068056702004373914594,0.15715989044134653918,0.3629898390312240597
13,8.9513687994735256906e-06,0.012880526449562647306,1.5765089549527100399,0.49213585779731838787,1.4436876854358344779,0.18126321521195309927,0.15295889694392689195,-0.017746246710175758721,-0.012195609010847020814,2.4854174680598979386,0.7758584842678607485,2.2759871751472324775,0.24223275415944209299,0.71048846488907302366,2.0842688032728688974
14,1.3222999895720041965e-06,0.0068089549651343490508,1.6436495971372113711,0.54494902011842694112,1.0373367501965888859,0.23111072043402386411,0.15125388231951589213,0.011270815776763823401,0.0078134740193463135538,2.701596162198943496,0.89570544409234220673,1.7050183316550453494,0.29698175025450307407,0.56529529646997001002,1.0760783678888294901
15,1.7918216405609817486e-06,0.0075347478406918699106,1.8713988680175772661,0.51159511124703105356,1.194408562494437831,0.56675829870711047498,-0.044029895953713787948,-0.24090496217058937622,0.0030869346416401671589,3.502149512652887875,0.95739639929718323152,2.2352181625636187157,0.26173994201058509157,0.61105258149435726089,1.4266287006763669343
16,2.6307856446732487747e-06,0.008563782289585710264,1.4994242105741795168,0.56129682593774277155,1.7218130809229286182,0.15097728653208175587,0.059098125487095545805,-0.049875472905847345606,-0.0066378325150206031816,2.2482901854486709858,0.84162227554101964877,2.5817277205222528558,0.31507094867436941099,0.96644796606955307716,2.9646573780430167666
17,3.1285032984390481875e-06,0.0090729670980163323879,1.6432928222645533101,0.60252148740004607408,1.204135759681996598,0.34716994075483204041,0.00222079752602549578,-0.0029525259585899345412,-0.0030603301361865373025,2.7004318489113989799,0.99012009263897104994,1.978748626515243636,0.36305148816212223783,0.72551744162131426297,1.4499598485122737745
18,2.2954371875105639115e-06,0.0081832458948333935966,1.3320393598296562665,0.17701212715497871564,1.3280647656506241461,-0.11231884124528218605,0.03271810240642405998,0.039862877787861183965,-0.0060624615946529595775,1.7743470587334542188,0.23578695939858379527,1.769032754005318786,0.031345778531459887739,0.2350820601268678034,1.7637744870627600768
19,5.2528795253913657315e-07,0.005005371045505931267,1.8830634402705739294,0.56345461349725223243,0.68954255427830835057,0.67548821311672613277,-0.031790597937311086685,-0.025632911144485796134,0.049681293853042735043,3.5459362031165095885,1.0610207605799049091,1.2984522110558052166,0.31748814434729855094,0.38852573769978382412,0.47547702456237439517
20,5.283484316277562287e-06,0.010804647544000277673,1.7599525878974116022,0.56726119222058724034,0.83606741090822012108,0.48510045977520277471,-0.12549829418544886095,0.053966780332473415771,-0.013039672062584139675,3.0974585733323234393,0.9983522448190516041,1.4714373588968245876,0.32180930951436242937,0.47426818140606769036,0.69903636687982517728
21,3.3324344143945820005e-06,0.0092659723625680943948,1.5501202221428647121,0.19308250260244466667,1.6008889032744759717,0.49882621550026312596,0.14753278492912313968,-0.012604201598949048985,0.083970759879212097943,2.4028906432391443637,0.29930533771049377956,2.4815749867759540059,0.037302479432257944214,0.30910476164763039941,2.562866835190425796
22,1.6566528157794236199e-06,0.0073403082461282994145,1.4035054306598435669,0.18649977894215744034,1.6147343202545760832,0.60445229707278824716,-0.72005799204980391881,-0.23361349003326845053,0.020568070888456323198,1.9698416641492921819,0.26175179355369920797,2.2662897891514877102,0.034794978683810762199,0.3011480373148954226,2.6073796548822416597
23,3.3243913356459679756e-06,0.0092585116521259284289,1.5059111304074224158,0.48749551750156566721,-0.05339092500639847777,0.20252421756343519377,0.10428427585603602945,0.00028482681307762873057,-0.005125828257426163527,2.2677896053866670734,0.7341227833363959121,-0.080403484253163542972,0.2376703355334993939,-0.026026144547182616246,0.0028696046645955326782
24,3.1794939940731881271e-06,0.009121994370458979054,1.528167505831522055,0.58839014125210775674,1.7164294698862032629,0.16453421135482340643,0.12406914883322014975,-0.028294225106869169001,-0.011098862527116774845,2.335315026534682481,0.8991591329695782786,2.6229931746956429706,0.34622144943376026438,1.0099343582897672977,2.9461508515578915812
25,2.3500204007539023538e-06,0.0082476016032537267236,1.17242707973453264,0.28494228060808973746,0.073297400474561208439,0.018952888542414357553,0.025849289985482616638,-0.019343096208978699524,0.045689449217366943923,1.3746008787031744891,0.33407595789059413294,0.08593509453131999154,0.081209516497533634771,0.020883665282999147594,0.0053887801589452494558
26,2.2998238940321703643e-06,0.0081884554550882438645,1.5491391878878291166,0.52507119517692080191,1.5148880596018843292,0.20290151690001398399,0.088566027784287654212,-0.031144179128446126265,-0.027503656960983422636,2.3998476090226503743,0.81340927602515455952,2.3467717358702020469,0.27571671719257934141,0.79542471519219692944,2.2949011004929800173
27,4.2363853579480915327e-06,0.010037732466491137984,1.6779094800711442659,0.56640436288398010589,1.3792302051375990857,0.3416787778006368792,0.2550450552315087771,-0.11590265139239139258,-0.0050383391182074526923,2.8154073196159083992,0.95037544828936082464,2.3142226342655951576,0.32083341816404870039,0.78120122948166581534,1.9022973683543122903
28,2.9047261551673063908e-06,0.0088512687760764780648,1.3253225969971416109,0.27994295235682004064,0.13524650094871512596,0.93883021060606119956,-0.40110879567499524434,-0.037885984019598410721,0.040776710675694799457,1.7565007998902135711,0.37101620944659791101,0.17924511634067005761,0.078385289421089812678,0.037863384510857613086,0.018308910528151395303
29,5.5038921684752213856e-06,0.01095284905267892607,1.6469150895739517182,0.5917625432585696954,1.6563673797555460432,0.34295932086840319464,0.03360006087320718815,-0.024615130962029573014,-0.0094030486309437423531,2.7123559763732099093,0.97458478537478421266,2.7278993117019534331,0.35021007184164004711,0.98017858764220644474,2.7435786609762109478
30,1.9626845571419687137e-06,0.0077670118070838614285,1.6217465438824285595,0.57583930517558890028,0.17172462565235832588,0.18112707668186206478,0.045976751865579583434,-0.081480039209015198143,0.011393043384049516414,2.6300762475186392209,0.93386522697475571331,0.27849383331935356756,0.3316051990777182934,0.09888491992715033041,0.029503828308122353324
31,3.7058130538509606114e-06,0.0095998614655293627862,1.4834201111651448279,0.50956829750253973543,1.2555800267674142034,0.10869616078700490569,0.087774518890572264529,-0.076660021214270318568,-0.0035377189689086091864,2.200555844683540041,0.7559048671504876582,1.8625518415575283981,0.25968189491227550159,0.63980446707658067407,1.5765014463563633562
32,4.5482834581606068286e-06,0.010278260909689909339,1.6543176874154970069,0.56886046043952898099,1.0171670997124551139,0.30627084026786671744,0.047155186630134592052,0.040751854521748905047,-0.0066511567254195517671,2.7367895411220546364,0.9410748852528031394,1.6827189414239613896,0.32362600115859380123,0.57862498530856132373,1.0346534764562014264
33,1.6017417650399590356e-06,0.0072582952483934443794,1.2244680508490717319,0.26597904722140525147,1.6476215163633816108,0.1929277631015693939,-0.027610998019042681806,0.15968697666225470377,0.074782978878828620939,1.4993354882048790522,0.32568279595721350006,2.0174600298606772952,0.07075707817220272533,0.43823321252804064985,2.7146698158557236447
34,2.4394771818794868248e-06,0.0083509532088997303484,1.5057000348643518883,0.54515873061962749624,1.5976500703633467193,0.19481094261025916348,-0.0096346025929731141102,-0.024993718980317911754,0.0015811035578172430698,2.2671486848118602708,0.82084526363919663172,2.4055820156966785106,0.29721419322762149262,0.87097152145687617431,2.5525028299430307932
35,1.3584143674940295426e-06,0.0068703872848940262738,1.2799789178351363983,0.27571364594410041615,1.6626316773742289001,0.37017924896052673001,-0.41594986579925158354,0.28964791795685002063,-0.020673356842889043655,1.6383587318562617963,0.35290805257587559707,2.1281326946600480632,0.076028353262521219946,0.45841041879429367256,2.7643560786343241986
36,3.355716013050568156e-06,0.0092875007891571777219,1.525377404405986681,0.50032000442835566911,1.3889170652027920116,0.096812129361478288514,-0.014556606488969383792,-0.016520864858750667487,-0.0083563228623607464091,2.3267953688782454513,0.76317652719492623525,2.1186223474966654479,0.25034090270954656443,0.69490083942019187369,1.9291101640699344077
37,8.4211141337033694454e-06,0.012620996551394123714,1.5555539135130906914,0.30883289697002169749,1.5734528157737770471,0.26202518957735493332,-0.038272558886511251486,0.13403224019474224704,-0.0043173061952600554417,2.419779549174442046,0.48039992056709912571,2.4475870507953056965,0.095433245434879618307,0.48595166597414002352,2.475784128535743811
38,8.7821496358341240665e-06,0.01279884386586073626,1.5045469516533453991,0.4496064649962734916,1.4914675210365513358,0.22427944268717825427,0.097853471901836436286,0.043124143287095004218,-0.023444539366751251247,2.2636990814127746496,0.67645864497580077135,2.2439895819129600518,0.20217742612509664868,0.67057167489237701208,2.2245146478426613967
39,1.1196689213321433365e-05,0.013878216923608247685,1.1699710694355176521,0.29469599680868413527,1.7588707716525990854,0.067393682447805941527,0.002447759614758957588,-0.072711277070167723569,0.018165737300777379942,1.3688760830333372986,0.34479075210655074635,2.0578228696433664702,0.08688906328956713665,0.51832527481356649446,3.0936650230227460412
40,3.9383529366922357846e-06,0.0097965992166155670823,0.98240787437132726101,0.38902983933341583889,1.2752543118167409819,-0.0096329365799627964667,0.023007126753163263666,-0.060736260206176284626,0.014059451309504726255,0.96514599045624160922,0.38218577250739449447,1.2528194509321812777,0.15136484872170427596,0.49611196418426750654,1.6262966292755143272
41,8.7115065336985063835e-07,0.005924725300679910267,1.3942573505152968671,0.13073113999287841458,1.8900150813132794436,-0.031189020022301405105,-0.35620445924115251568,-0.13848037732611137574,0.12009126334670799929,1.9439645266301763815,0.18227343694967831911,2.6351674327668108688,0.017098267983459730646,0.24708374702932439648,3.5721657356832232644
42,2.5505849831483183853e-05,0.018260684922265554841,1.7763646357868658754,0.58800504591070323901,0.24353636150512994463,0.51756055795315192292,-0.094818201179823827229,0.0083695798448912197415,-0.028799814137937661263,3.1555355886444789171,1.0445141761290737126,0.43260061741650018829,0.34583598756581285238,0.1432002597172203906,0.059370865385316433371
43,1.65466597640611029e-05,0.015807890146230622885,1.0577728601634805994,0.42338677455058332244,1.2856634951427725611,0.47435062918673909227,-0.53401992212067328492,-0.029993586468000252299,-0.044554401378919410159,1.1193135743828670492,0.44761174184847668522,1.3599089152502799038,0.17941445038178213678,0.54435542895942967689,1.6529611603934284414
44,4.2088411090475187466e-06,0.010015930610720846436,1.7553845983038556255,0.56071892443593318589,1.0164361510815189682,0.4574332828522479355,-0.0073349204071091154977,0.031313754729167982138,-0.011242902311546372832,3.0813977619968349053,0.98427481799941018981,1.7842382218030816698,0.31442650245358882977,0.56993477744145903952,1.0331665643388276976
45,1.1258436172444816804e-06,0.0064535174232518621382,1.9006201036034207075,0.49868110425846368106,0.21631667443608726398,0.72899806186862803337,-0.13277927912961628998,-0.089881680464477836656,-0.0065277258819541753368,3.612366731859586011,0.94780296583823042678,0.41113596929318607653,0.24869339679599333781,0.10787293434862850472,0.04680455762299533945
46,1.8473841748372560117e-05,0.016399207834315598226,1.196709850599942504,0.2855367227264588581,0.20816478441138638877,0.13059089086696437643,-0.13381288525534879019,0.12886917914866111157,0.02232997681013625807,1.4321909650997850516,0.3416949260366481389,0.24911443081288525692,0.081578761743215322255,0.059439308491616833774,0.043385436946662706004
47,4.5769544335493742994e-06,0.010299812682704679451,1.5626767980845024386,0.48580705639779686589,0.95044263401395656654,0.24824576736114031816,-0.015780085201615858675,-0.014374618397990941016,0.0055413258750291131266,2.4419838003387117631,0.75915936017596308272,1.4852334297842435529,0.2360300557805993793,0.46172946926678043456,0.90336561919848346047
48,3.5571780234916492781e-06,0.009469760536954705335,1.2625925382982126077,0.26416458693432631755,0.63547609088113465869,0.15910865492492323736,-0.24438870700769965705,0.15694692709221488847,0.00770692522067806772,1.5941588776645678749,0.33353557382028048428,0.80234812627997442736,0.069800112422630289366,0.16787663714193712394,0.40385864383805258893
49,1.0121194507791979462e-06,0.0062284653673846581551,1.564133240450520379,0.32934191183960470628,1.0279245995561079319,0.084635267036467953794,0.18112594956700747706,0.063562155828347774444,0.054969311696102113318,2.4465235539425771449,0.515134720127253809,1.6078106651269628014,0.1084763386554178366,0.33853830163932896458,1.056639424586144127
50,3.1152921731902346397e-06,0.0090601778915964971406,1.7028028117303712907,0.58529516013541837971,0.85005107279403091525,0.40810986835040280463,0.10115369950601622862,0.048902439076899124892,0.00022872859867458181509,2.8995563914792890081,0.99664130418225738151,1.4474691700206019362,0.3425887098445845047,0.49753193191642913762,0.72260622876789171176
51,5.7322776588711032975e-06,0.01110229773301630099,1.5305701103042927969,0.60862174825596460082,0.38768226504045194547,0.23971613317301093682,-0.057640271235525522564,-0.020401469681783662713,-0.0085384969881889764137,2.3426731457723724006,0.93153930321787425939,0.59337617517967833347,0.37044490292994414204,0.23594970242345525424,0.15032610959189271482
52,1.0698475236506709184e-05,0.013669241784977977094,1.8085601131555166798,0.57612737479007347652,0.68013572032803049083,0.52706329012544594903,0.030593324772621451058,-0.032148338107998906954,0.0073436919334949187985,3.2709366188102189099,1.0419610611550269574,1.2300651757730916014,0.33195615382623183676,0.39184468798737948081,0.46262435459078365962
53,1.2400461051239204183e-05,0.01435874251775232785,1.5084651827162582904,0.61475515463684937689,1.6408787083452174294,0.22526780420051331633,-0.1031808581099317168,-0.07142336278146596551,-0.01964842695386889021,2.2755122222822175004,0.92733185582715271789,2.4752055979704250532,0.37797320559487240788,1.0087446281166112527,2.6925217326946313534
54,3.7068682899242710096e-06,0.0096007725709196939379,1.2239261460506671852,0.26628240317377760427,1.647147474650429988,0.17345671228787121199,-0.019246639021715854223,0.14550750232299450304,0.044146311843656048379,1.4980182666298869076,0.32590996489154366866,2.0159883011740182823,0.070925262470877520338,0.43860780199135018798,2.7131157445858566923
55,1.8546239489895049953e-06,0.0076217684621914293455,1.6008987566060499663,0.620719372963462801,1.7048660074790467078,0.40735867210359888446,0.026557640259790002424,0.13677322245367715126,0.0023979418624610021431,2.5628905044743199859,0.99370886249646306343,2.7293179115221617437,0.38530689324590272626,1.0582434480732227922,2.9065821900791828369
56,5.0508524419340316563e-06,0.010643685264268737053,1.6966902844365914227,0.61401643048507026368,1.4917768765858407942,0.40375775449870926481,0.190340681434488318,0.044728056856546682951,-0.017163093198989575611,2.8787812015774760788,1.0417956676983552988,2.5310842097571604192,0.37704065696590050027,0.91597679074549220868,2.2254258409423930409
57,2.7516579457856709897e-06,0.008692978637791469454,1.2739493175142297954,0.30210672895953399886,1.5481888255939437737,0.95591969497348439067,-0.79930770432154496508,-0.029525218412016596831,-0.088921918512153100278,1.622963309437055246,0.38486984892173459194,1.9723131348031779364,0.091287019139985201011,0.46772049071990090541,2.396906752568360055
58,9.1979347015198207802e-06,0.012997721811777789361,1.1489357920905374222,0.34470235750860989121,1.7258963388169274999,0.21429246042355443169,-0.012156026762857595133,0.14069228305802711221,-0.0012765011492445598341,1.3201124039465488291,0.39603943618905468327,1.9829650294311749192,0.11884443972322066008,0.59492639592457674524,2.9787625022808490449
59,6.7122012293905973745e-06,0.011701964768604602302,1.5657592744406234608,0.49864453324372814969,1.3983237748757846308,0.17912711163591948926,0.12765028538277689574,-0.037106107025233814323,-0.0028393669007034400692,2.4516358602890968577,0.7807564062276188821,2.1894379595086186363,0.24867367740686799338,0.69726426873901992121,1.9553384665003494813
60,7.0963711431790487625e-06,0.01192108827639136448,1.5917210626967714937,0.50857739272834234789,1.484958924656358592,0.16106063621882429904,0.096703534489318093703,0.045280060647709063915,-0.0073864881625567433213,2.5336113964061159898,0.8095215014618815097,2.363642512816733543,0.25868702916989827489,0.75521440386417115764,2.2051271596038541922
61,3.1223591353326769022e-06,0.0090670236464809594867,1.1377175864558617402,0.31597667382385741242,1.770026787945034874,-0.066216320374401296811,0.011858524052670389379,-0.017059800833293399525,0.025294511858909195928,1.294418682246421648,0.3594922335004439029,2.0137900765904803713,0.099860434637656730894,0.55928785867116592723,3.1330142349491136855
62,2.5462847147313755826e-06,0.0084710930303552086501,1.1747472702769250485,0.32875588138746869582,0.29492384362303358802,0.21308943897981613702,-0.23424271718854100532,-0.085120102341820713665,0.0027589416135935561705,1.3800490440385886348,0.3862063035585092674,0.34646091882470897438,0.10809756410250280501,0.096960052864405871231,0.086995462553655811266
63,2.7170284688321551569e-06,0.0086563576813799940346,1.5915206797333942834,0.56026269116569216155,1.5273343920403945617,0.16755493431568141416,0.049110109856412349771,0.050024582352124868923,-0.0085910204878446670002,2.5329552147882119506,0.89167014879152051154,2.4307848629897637061,0.31391105953730480405,0.85570939171987903116,2.3327675960220939366
64,6.9588762143519573218e-06,0.011843593709672016814,1.5550742694988841652,0.51003016998055261677,1.5689080802524015823,0.091625191762303687115,0.060676707578990990433,0.022510596269285677862,-0.0067531725010701705927,2.4182898891417967668,0.79313265152450185269,2.439771956811458864,0.26015933711153177432,0.80019256431581298195,2.4615017970694559324
65,2.6233469901630076084e-05,0.018432703745900044789,1.4958223916659403319,0.58048056146192661409,1.4118306358261809574,0.19910619546388599876,-0.053297447390561913938,0.0049333022886656500636,-0.024068117211836746044,2.2375536723216442603,0.86830579506716143445,2.1118578709064785848,0.33702564265266121701,0.81954658869799057452,1.99334435748816996
66,1.046055736712481739e-06,0.0062973148200040143796,1.2225650915465831048,0.18920765053052518434,1.6367887936897156376,-0.045478602078739951975,0.045884758060664124213,0.019612670276565824512,0.081684755422554031212,1.4946759208189448476,0.23131920847785342188,2.0010812030269748973,0.035810226292505575874,0.30969275037136251294,2.6790879043622970457
67,2.3067556595946868703e-06,0.0081966739862041285841,1.5163081525650106141,0.503101545324558308,1.4253036886881771395,0.22638840487394354395,0.079544328201760203245,-0.0092192362920286655831,-0.01383206175951547795,2.2992065500270291167,0.76285708507805838341,2.1611993998911445125,0.25312613836069819406,0.71707308536393921106,2.0315066607135405796
68,2.5905383938020985397e-06,0.0085198864755073391852,0.99915503191101295855,0.46406195192710025799,1.7047987439993383951,0.039562256921232046014,-0.023328984063930836845,-0.035495203115476797739,-0.017383539187244490681,0.99832664676948279503,0.46366984905078101331,1.7033576415754851929,0.21537080936104605056,0.79113262806440487473,2.9063569450307302766
69,1.3063610321756953765e-06,0.0067814859967738417082,1.5826216165295157179,0.54255756768827012593,1.5567120586692284601,0.16044453053078444604,0.049101054270920839462,-0.059424783403476816313,0.011461078576890848871,2.5047030849125468954,0.8586634838992617258,2.463686847716713757,0.2943801845610895529,0.84460542436272079136,2.4233630715609906225
70,2.9889473836828774556e-06,0.0089360012367700244335,1.5439474027685304858,0.27578664305489297703,0.7054042281058213737,0.30354228552825768261,-0.034596102395865205303,0.2592343035572372556,-0.022385938145999123572,2.3837961378854997108,0.42579453357752189424,1.0891108806868616821,0.076081297119950985763,0.19453463343139720809,0.49760992457125802213
71,4.0762755127391230096e-06,0.0099096497954825300825,1.2403645412887203126,0.29460362421129815402,0.50337133054202587434,0.38160244404337112512,-0.32513064499882698977,-0.19384524354262061552,-0.0063053402234084380065,1.5385431875094757181,0.36541606919420704935,0.62436969496697536375,0.086806540741412460682,0.14829178998999723027,0.25340252150698749922
72,1.8061603198603139083e-06,0.0075547928831399442651,1.2432013026277186629,0.25526932327170009929,0.60015693077125076282,0.14428234077750135,-0.14260866616699827136,-0.1658926679437117413,0.031114458084303488888,1.5455636212163339493,0.31735186907478041274,0.74611717785331865826,0.0651755577072002934,0.15320429598182477848,0.3602034077617251584
73,1.8092930501269380217e-06,0.0075591582132692111684,1.1993434052685190139,0.31674033188092842739,1.6089353317423298328,0.076130025112526450437,-0.094734821913828398676,0.27580189138469574095,-0.01439394730480440289,1.4384394091308463359,0.37987982701178391043,1.9296683224975887949,0.10033702939105788865,0.50961578314996713868,2.5886878756855096206
74,8.9056316804297892343e-06,0.01285855124810324733,1.5151526284450385074,0.49359681369062524681,1.4875752671665807281,0.19132489431474561381,0.025046940854761258477,0.16254518028966857823,-0.020847023135130655913,2.2957215338843095509,0.74787544035308706203,2.2539103131596704976,0.24368142959145330795,0.73426754373419633737,2.2129123257513727552
75,9.5736268921701425026e-06,0.013172330825100121363,1.520001767713283769,0.45279681041821040477,0.98511777173316183998,0.12928858516750826868,0.16026408254887569704,0.016011470416096639652,-0.0074540357941410640211,2.3104449222711966883,0.68825231880657433692,1.4973814674939949221,0.20506560978804122541,0.44606341293708040574,0.97048988493184407123
76,2.6271537573013022053e-06,0.0085598396122879560899,1.4181925618275097456,0.14009964607144329007,0.20447925214139842098,0.023503232374915136033,-0.077719937018787266236,-0.093581003818866109745,-0.0456967495830433168,2.011287847061145051,0.19868880857205573065,0.28998785424159012614,0.019643149022312369339,0.028644497233365491529,0.041831511893636853794
77,1.461410805582980141e-05,0.015166821246881248553,1.5789634735702480217,0.52520877800120213674,1.4635455849788940874,0.29867774802433411097,0.13091935502538257219,0.10971847895641809179,-0.024955413874183613593,2.4931764578464177262,0.82929153787340281756,2.3108833302904332463,0.27588293520747292353,0.76866479458319147966,2.1420248503408041429
78,3.0006677146224704388e-06,0.0089476660228513076045,1.7571779820246995474,0.51945707444709920964,0.4536048142637184033,0.20980138579552951028,0.12966426959353066772,-0.078678008593785750402,0.01639782514849692785,3.0876923652762244821,0.91277869290965829574,0.79706423326662800832,0.26985350620237164021,0.23562833621847506516,0.20577669674142679002
79,1.3890911032052561842e-06,0.0069217202085475057829,1.7592898443846185508,0.50454050260326022137,1.4149548005800778316,0.20896598040981195776,0.081570572099572066782,-0.046126544814643843928,0.025006348410340842325,3.0951128296753962488,0.88763295208466719277,2.4893156276059005272,0.25457348731645595974,0.71390168157102129598,2.002108667782195095
80,1.3234340848349636585e-06,0.0068109010179825896572,1.3425360192777691104,0.27382529308070352458,0.98456650254228539332,0.84830466729617348687,-0.53151362533814650035,0.11611007865876650513,-0.0017464996428177804403,1.8024150834783621011,0.36761921245724737961,1.3218163766417496685,0.074993005971322454495,0.26959697106892033247,0.96938174815353594926
81,2.7596157293915295474e-06,0.0087013505920586937947,1.5536938159125426306,0.27981759202638262218,1.6567792319083496366,0.19606483053075440814,0.2054523424792412678,-0.038212673866532292921,0.053689016122625346505,2.4139841466828855232,0.43475178858795321402,2.5741267152774307547,0.078314603032824586792,0.4635981283638400674,2.7449345104192111044
82,1.8846569662064133484e-06,0.0076626896248062053435,1.3927817058143994178,0.21585255754707230458,1.8256610954224907761,0.45416330940259680427,-0.12473317208116335708,0.32417099124719711556,-0.0064260792122223450717,1.9398549213884281883,0.30063350215581713387,2.5427473324862206461,0.046605868037826424233,0.39407444207666969538,3.333052376539917816
83,9.2128991312260813997e-06,0.013004766803018041887,1.5840273771605335451,0.53112946389721626961,1.3999252131715889114,0.14674145784247469293,0.048530827981573702867,-0.011838978984485139245,-0.011214914183512987231,2.5091845389400644351,0.84132156255635393016,2.2175290105740712576,0.28212629058367710844,0.7435392579315232009,1.9598339492120877559
84,2.3545718961342254886e-06,0.008252922792753240866,1.5331039034019973144,0.35734444653999436481,0.72537173261061038687,0.053996773769214613525,0.22425815619214789498,0.20375695753110997788,0.011292104300731228839,2.3504234928130820492,0.54784447456092122408,1.1120691191129723485,0.12771110756773626504,0.2592092562844630077,0.52618014140919922017
85,2.3288907153450005654e-05,0.017715503497569094066,1.5192071719010991071,0.57476484825587059735,1.6177408684330858435,0.25843095824258260906,-0.045884661020542977239,-0.024601837457397555259,-0.026972679665588902842,2.308058911189228013,0.8731882903535959084,2.4576797094288744816,0.33041000520474184121,0.92983072658774001962,2.6171607294341736605
86,3.3579980987164932673e-06,0.0092896056623114845602,1.2632169926734655441,0.21803277002800297568,0.62575448228966534803,0.018672299843876666303,-0.064556017815397437332,-0.038586420182732505957,0.0521744497421979328,1.5957364608469042366,0.27542344367736609767,0.79046295306903113786,0.047560502225415489386,0.1364313816224663467,0.39158711236052323734
87,3.5895782034028706068e-06,0.0094984251203938680624,1.755876172171419336,0.58864756549232610805,0.7086475766045290392,0.47085513984885685179,-0.018879302349809452821,-0.042345710853969452392,-0.0038317481138770777445,3.0831229579475851743,1.0335935559901916481,1.2442992697638066701,0.34652621359032426129,0.41714432268427320549,0.5022014768244038585
88,5.4160047123915037614e-07,0.0050566567544409008958,1.6614159816537821257,0.55972869030287952796,1.4080441130991461218,0.40008241912809261454,0.066477333732814003486,-0.035842482749817862475,0.016267704493891917833,2.7603098820255320689,0.92994219113385867548,2.3393469089340266365,0.31330408667646991727,0.78812271294020586065,1.9825961864529118017
89,1.7964070296069662865e-06,0.0075411696704038326186,1.449718902940907661,0.38590855392490741593,0.2776708211692510142,0.051289558512954844249,0.020290038938051691703,-0.17197244139070613778,0.0058103256311072366477,2.1016985161384535985,0.55945842570355197587,0.40254481406926451159,0.14893935340639072318,0.10715621183410883877,0.077115093412295138142
90,1.7174869163029538722e-06,0.0074290784194129683149,1.45388674527882511,0.16952397557646314841,1.0113971777190702284,0.25053241434267908838,-0.19379988181779136958,0.060715148920792744169,-0.021186008106248096355,2.1137995325502672017,0.246466956123202241,1.4704572621781331065,0.028752444907840107174,0.17145614551579668738,1.0229377498126837054
91,1.9845160503994461299e-06,0.0077957039053158832045,1.2393223223377798359,0.2818551988592252755,0.9795598408636636556,0.17664945362694811637,0.10001645546062834513,-0.016060381357421913556,0.026738973433491623755,1.5359373764194419465,0.34931147337780010798,1.2139932845234633341,0.079455872535697413817,0.27609513201004676208,0.95955220250397676995
92,3.4305701318965547207e-06,0.0093560506506891929351,1.2630578191610217775,0.15528976250292589323,1.6849643809547747431,-0.091725692618265811107,-0.02139075569427896506,0.11966142144159214178,0.060177331419427250447,1.5953330832961083452,0.19613814498296844313,2.1282078470400147552,0.024134659470941201981,0.26165909800476944147,2.8391270846896516922
93,1.5217401036750372654e-06,0.0071353830480298070446,1.2358284586166154995,0.25526707109956492392,0.29651257414102361043,-0.020844106090322628982,-0.031002383537949349673,0.26395005702107526835,0.087926004986036448985,1.5272852357723336603,0.31546628672670995464,0.36643807810443729256,0.065173785538604506185,0.07569088293204909168,0.087931600799814199632
94,1.4307673907461013499e-06,0.0069902623376723047391,1.27636997554695375,0.23565580745276984431,1.8828063922306987887,0.21891280485906702835,0.027907345590380390477,-0.079128448304801438096,0.060804593510886656427,1.6291326275649136157,0.30078494118086207543,2.4031584132212859828,0.055545199714762537313,0.4436934894693466136,3.5449729456261849236
95,6.0786900656306124186e-06,0.011321582365054727939,1.420549886828180064,0.1431542345956678397,1.6359947044844282971,-0.29405599484128086551,-0.13975407810449069768,-0.067865399228270256726,0.14128494516679920845,2.0180860857312308276,0.20333771047456247749,2.3240294522769850971,0.020508128461876107274,0.23419653097706444322,2.676501410698772343
96,4.7836028278888734279e-06,0.010452547942977995568,1.2493829639230040751,0.27514118191687353399,1.703174220201510991,0.4854244147157590894,-0.35407357555488938594,-0.12311622786904032056,-0.052425024045279329521,1.5610140689655060964,0.34375864665185984492,2.1279252650403264191,0.075717318786118134599,0.46861488473940066113,2.9008229908224625326
97,1.1335761040484875622e-05,0.013935440168741482919,1.5953960136014735394,0.38795952483744067241,0.60366386211039990695,0.048555487598316175724,0.18026678813364199749,0.061580383825616633042,0.030528068036058019635,2.5453464293081680125,0.61893410182878050296,0.96308176274894807811,0.1505495447721442448,0.23419194794688280581,0.36444818052187955004
98,5.7653436370059837513e-06,0.011123604255797149565,1.2642205258915406585,0.24033608681645282634,0.55224518133006661458,0.089544355940597494814,0.018020617919585420891,0.10727283405614641831,0.01806609844543756796,1.598288492709249109,0.30383604529738600375,0.69816134133053664446,0.057786674686380677668,0.13272990407565629645,0.30499859574877757895
99,5.6805741484631712835e-06,0.011068817014600895038,1.5288056094342796776,0.24299712036694509631,1.5819841217813415124,0.083537126923780014032,0.29017212716393642191,-0.15577682025606306992,0.018005545664264367006,2.3372757200284350887,0.37150526539311573559,2.4185688007820997925,0.059082574188187679531,0.38444422211641471332,2.5027287508475373201
100,3.9368131423879781157e-06,0.0097953223110783128186,1.5076043426268175285,0.43204767748814154604,1.0162020106504436878,0.15443721649682015662,0.12738732138273356487,0.01852994417496758861,0.0092618573599326514678,2.2728942794615316636,0.65135796581353644363,1.5320323578436543244,0.18668415661324552768,0.43904860723300243031,1.0326898831882724838
101,2.2858707910341955979e-06,0.0081718619808054671072,1.1717901760596629579,0.33678005916142350618,1.5911792938474571546,0.054134290522986065752,0.050918978228156240584,-0.10054231049510099771,-0.042423736579483554976,1.3731075109029344805,0.3946355740129589007,1.8645270120508481426,0.11343457800335865482,0.53587428674954007413,2.5318711924648624745
102,8.6933349570412264889e-07,0.0059206029159332368775,1.2295445560239237626,0.23076921279882717242,0.33862400848449925039,-0.0030323885655669834474,-0.031275987733465716867,0.025351018324371182161,0.090492950392624574296,1.5117887829880050088,0.28374124803451861165,0.41635277392553915465,0.053264036218557728186,0.078144177515549598234,0.11467478037201828123
103,3.9810986027984578294e-06,0.0098319148419771604935,1.3052671584258357385,0.20367140542843653606,0.65129162200501888869,0.17213532093628847175,-0.035885098830320552588,0.036357846107749766662,0.023167677789000806765,1.703753832164911941,0.26585495993541963244,0.85011047118729532457,0.041503677041656465707,0.13264526376851390466,0.42420027546921906803
104,7.6029444331387908076e-07,0.0056619287824779757426,1.5300636988639297886,0.34159746433582593994,1.7240560747003181863,0.084011204743473122392,0.23896013559634660117,0.12874091701980464042,0.020765447682629497445,2.3411041081126948704,0.52266583012494693961,2.6379152159726593219,0.11669821552599692061,0.5889331682800704737,2.9723771541975554378
105,1.2114917202789042293e-06,0.0066131841119701348028,1.4397516828986944848,0.1288702373204486662,1.7896984613891697702,0.18504689926120387877,-0.18067505812856193836,-0.0036807852490701033037,0.0056280641582138867668,2.0728961677403381358,0.18553953940604039907,2.5767187798717769986,0.016618627344084240666,0.23064064706070161459,3.2030338786296321807
106,2.6445885086950852751e-06,0.0085787332854489872086,1.6069570011472200655,0.37568920400531158332,1.711241506840747606,0.29575742931004556091,0.22098696846361012835,0.028600034850638587219,0.047196837167443377037,2.5823257258064087338,0.60371596298496699173,2.749890642166419763,0.14116027797426280999,0.64289345791020591214,2.9283659035346181199
107,1.7126407986791612855e-06,0.0074220844597407851714,1.4810614882489470112,0.11278000683226710454,0.75505953507746004227,0.29574099781928364639,-0.31473939746433210463,-0.042842861585733374441,-0.0027797616931291286961,2.1935580947307418143,0.16703351326839169233,1.1182907936652761727,0.012733155282896988295,0.085156480686141830527,0.57012609388976231983
108,2.6290265084908481443e-06,0.0085618730730511703741,1.5876284362348103141,0.60541129401188875647,1.7493616625797905328,0.24991654421668413333,0.068287992533593105948,-0.034041801596143381192,-0.0036031868410458431883,2.5205824945273564985,0.96116763671572125194,2.777336975953792475,0.36653772298972109311,1.0590842880097872669,3.0602849971855188294
109,3.0573051927669968526e-05,0.019397692102913231121,1.5779572518526390201,0.16799231480328669086,1.7913384736308357592,0.5396944637159851732,-0.042521185357759054557,-0.075174140030122335587,0.0066935252651978667873,2.4904279225454506452,0.26557771490418774496,2.8267767565510384387,0.028836528892940943569,0.30108870233602991195,3.2089736564125463936
110,3.4500358810854326255e-06,0.0093737133271007879592,1.3382152972098115828,0.12970354605651684965,1.7735719135711780492,-0.1521577154407952881,-0.14541374021648911796,-0.053744321932895425253,0.092603838677756400433,1.7908388981696015119,0.17356997321168449178,2.3734201046246301559,0.016845418690367403025,0.2300412158932789719,3.1455769091117331548
111,2.8485822550690944185e-06,0.0087938702148625241123,1.2378246416916827144,0.22021233227172531954,0.96974821351620310583,-0.027123950058575894972,0.13302551124126549276,0.025413403344291929375,0.049285127935212412476,1.5322278621902398754,0.27258538799082993043,1.2003792159078721102,0.048512272844388810988,0.21355097196586564356,0.94042833345069898332
112,5.1111183722809110796e-06,0.010685850895327515461,1.4792469462033470684,0.47889366243245679033,1.743792677278094061,0.19185226332538204974,0.04722453553734901055,0.014610692540932199851,-0.015016031739542816739,2.1881954204801323804,0.70840535519397029862,2.5795003256777375711,0.22936513871014135857,0.83509238247995998261,3.040838287421650854
113,8.7096901061543363052e-07,0.0059243134858672210838,1.5094104795592890866,0.45323289834291902167,2.0125094683029263187,0.11921535916868250538,0.0005002775025557436913,0.049267696384529796605,0.018436977961414073579,2.2783293317286616997,0.68411455898894579786,3.0377029872723491088,0.20542843914414313233,0.91213511606446695534,4.0502045290845423153
114,8.1896583410196275449e-06,0.012504290603485113814,1.2952790394175048849,0.18240026292540650887,1.1852527372633399061,0.069336172472980836523,-0.051733672356179580265,0.087406869158608957449,0.0182064780860166954,1.6777843650418724497,0.23625885028723941916,1.5352457756887656348,0.033298271241417980171,0.21619017893502220917,1.4048648624889967795
115,6.3421177970639288501e-06,0.01148282020963313152,1.4891286220376431793,0.46990165752542878419,0.18779050111345851892,0.14031699641719200256,-0.10225226949835755641,0.041618717154090732746,-0.020196877454223827186,2.2175326420065735178,0.69973947239456057989,0.27963830070125766936,0.220834797717710557,0.088242586272560763483,0.035297472589386952313
116,5.2495661298474166032e-06,0.010781477160601977278,1.5217312708814474398,0.35466305857045660188,1.7384330719536065235,0.020119360516756459867,0.19126598774764319577,0.18925163875323888774,0.001965896775868827915,2.3156947544302091124,0.5396963983333621373,2.6454311352873296492,0.12580849355754911145,0.61655807717614696806,3.0221768405541262759
117,5.4670443041840745658e-07,0.0050724915007682690182,1.5046217593077111374,0.4491530179560227487,1.1832449901496284728,0.19470959565241266476,-0.032498637450861796172,-0.053874500602407518479,0.0096111332743496862008,2.2638940294816340959,0.67580531782630193227,1.7803365509986610604,0.20174580275495532233,0.53145811042187873774,1.4000763928577835138
118,3.6658588754196361363e-06,0.009565236466173906299,1.2609020653802116563,0.26302077574715071462,1.6605463592614606583,0.35129007984020388378,-0.36131443162293447324,-0.061658290727167081036,-0.062404401358257047261,1.5899037178189190378,0.33164329297753197823,2.0937842242881306021,0.069198541519497225316,0.43675906998122016045,2.7574305247241284178
119,8.1145515137562343716e-06,0.012465947803443412287,1.2308190136832408701,0.27993628929627589752,1.8021592294026878012,0.26655366134847935378,-0.23808893240430659133,-0.034624146139312375614,0.08085482302113417008,1.5149515997852367466,0.34456158776267359345,2.218119604425661695,0.078388338245223856959,0.50448295477438054313,3.2478341679883375726
120,2.864417484632049581e-06,0.0088101351143837439844,1.5771456912363082115,0.38832968807281820212,1.6379323873358024866,0.088581600063006180057,0.098663732920176328012,0.2010645343719034972,0.028678868787659982098,2.4874071630140286437,0.61245145004125622901,2.5832587731576355239,0.15081743441705894315,0.63605732169301043566,2.6828392374051586167
121,4.1571432099586455401e-06,0.0099747524313696413201,1.7540932976222385342,0.49858068959035811707,0.31554436507191985228,0.16287843127593118475,0.028023585744553710514,-0.02844915615572147366,0.0020687015297107709533,3.0768656343190685654,0.87455592583674668372,0.55349533401948425304,0.24860365292778852098,0.15732533069027090922,0.09959218961963345329
122,1.3053723597732602184e-05,0.014606581998939525274,1.5888507867634900084,0.53318356794684984568,1.5810099751506230259,0.2310523671461599815,0.097000493220056854815,0.039512617314978931704,-0.006932796843117094987,2.5244936209488759715,0.84715386338697840074,2.5119913555841018038,0.28432308148113177859,0.84297011570398971969,2.499644302966192555
123,4.8591643289168023954e-06,0.010507296616467522166,1.5203938691766263336,0.3702520404471161819,0.63942534012286511569,0.070715634678822456016,-0.067426679960979965522,0.1015283824814711966,0.011546366886416229228,2.3116217263263347803,0.56293021802649101382,0.97217905023168427192,0.13711456952838096957,0.23674785709601761652,0.40888611967852134255
124,4.4162557598519877679e-06,0.010177830232755410989,1.5541442178027233822,0.44317499255372305722,1.9927441450076994744,0.134588007653617725,0.026617338187639956459,0.011749430604942677492,0.020059477882709595559,2.4153888179985893991,0.68875869038340264972,3.0970118271203550542,0.19642662640913874372,0.88313413161863529854,3.9710515573477058737
125,3.0754190302049620892e-06,0.00902135755327019076,1.6585750752232968352,0.57484822874908081403,0.099516966884690985506,0.27999490508007979228,0.038860003654164768094,0.029579511720786395151,-0.0034094228966344590145,2.7508913999453934451,0.95342854925933184784,0.16505657473033188976,0.33046641026024781151,0.057206707408734486231,0.0099233851257938977125
126,1.7047377140144772454e-06,0.0074106503010771349743,1.3005070768633688605,0.25582905646459319637,1.9948738567010195766,0.56586578341269355708,-0.43663525231358374379,0.058578192429616489367,-0.028113345293051473367,1.6913303848352254644,0.33270681928725265308,2.5943492513234627239,0.065462927739733875465,0.51034585442086188856,3.9795374375917251797
127,2.1099391702811034604e-06,0.0079565923609098958974,1.5074876606977383187,0.29513067629602873776,1.5543585489292199853,0.059869650953550672401,0.10309775938657118888,-0.13376082315160314762,0.015696587331344293709,2.2725329774842224495,0.44490561379639231854,2.3431779861059593983,0.087117384631090713509,0.45874045222278275746,2.4160458002198597072
128,4.6098989906297372808e-06,0.010324466039161735512,1.505939145212275676,0.49075971754218861154,0.18268529248995904468,0.044034294674957993876,-0.014535371995151992117,0.011748940903569276076,-0.015385951880519353752,2.2678790687412280214,0.73905492332242506137,0.2751138705411829144,0.24086706331193974417,0.089656815475269102667,0.033396825169388563714
129,3.7624397921213155525e-06,0.0096485114494671564422,1.5538799988724876222,0.38384472577932643444,0.70732012006448996555,0.30260244350992504536,0.23345997001280288652,0.23875009739802949271,0.019049702197200125975,2.4145627167107819311,0.59645043145856302402,1.0990923017176577048,0.14736062789954385011,0.27149641194247575715,0.50032301206561613505
130,6.1905151186075710752e-06,0.011390585800510449541,1.4372799916598946179,0.42230762525327658619,0.92329493003901752513,0.12236499976446865712,-0.072855127170926778368,-0.095544492700787506112,-0.008734703184505976381,2.0657962439856136783,0.60697459314281354548,1.3270344545013355031,0.1783751541049670708,0.38991641513347063963,0.8525056389617535757
131,1.3440412693862485667e-06,0.0068460699399491902958,1.5328734963042760509,0.17658822136005619674,1.054475764615234068,0.15706429396459403725,-0.41207826281719950323,-0.12480554787475203748,-0.063707776917850386655,2.3497130691925498525,0.27068724018164924683,1.6163778407229396628,0.031194212285919942912,0.18620972478437794462,1.1119320986016660857
132,4.5161350251140024907e-05,0.022091545665541025695,1.6045002553276164203,0.60325906232298975862,0.59587338755577734517,0.32327676734514920742,0.092602100386335262083,0.038308771140329309079,-0.025197470557553391934,2.5745312448715398368,0.96794127250677719498,0.95610076486928374795,0.36405424237641970109,0.35945577573762166335,0.35514055837977426267
133,4.1715772935805899558e-06,0.0099862835951086657837,1.5941477073489001004,0.45593622874206302109,1.6260619308180466192,0.22032912178856342567,0.099066322629456013416,-0.017078207636385428492,0.015099627185300159779,2.5413264782587816626,0.72682989557141441939,2.5921801943037903193,0.20789873673587710989,0.7413808950975647738,2.6441053108916090508
134,9.5236938762279844175e-07,0.0061034061737693708766,1.9051528773033303832,0.48149684240933188217,1.1453975608555266863,0.20628911655325155028,0.20475545149974527792,-0.15528777342152527696,0.0093132235873834377099,3.6296176743248653729,0.91732590590981755163,2.1821572996604170491,0.23185008670694565169,0.55150506950133082462,1.3119439779956179049
135,8.5887210647332219978e-07,0.0058967578840108314173,1.4013854472812679042,0.24302342965700404753,1.1348808294894012771,0.93589603745344829289,-0.8175729189841526301,-0.0022442842563952661653,0.0043128170060647468345,1.9638897842496203516,0.34056946078830530045,1.5904057418856398787,0.059070245145989949687,0.27580261907003500443,1.2879632515953904903
136,5.14528771216752702e-06,0.010709610719126487141,1.3378015157383340572,0.23248996932097698576,0.55213386923356644331,0.74923739155281565694,-0.68006614729752201676,-0.074803166084477637487,-0.029450116232918464171,1.7897357545561851655,0.31102196402856768787,0.73864760320050570908,0.054082623846313758464,0.12836365350939085705,0.30487509729443268425
137,3.804718853008862784e-06,0.0096845174725842669838,1.5453649367146296001,0.35609850566283529627,1.6612514318507467515,0.18094579496979648625,0.19980989086982353653,0.0042860494748466794468,0.013891869897100896439,2.3881752892237999575,0.55030467451964160119,2.5672352925113930411,0.12682840337800357911,0.5915690540463595104,2.7597768620210203494
138,3.1983306957917483835e-06,0.0091399731296969728006,1.5089751957735038079,0.38891413545501818394,1.6735320056030211777,0.19028166016973244168,0.057542689176267813878,0.29234167656943726987,-0.0061044396793094573422,2.2770284517819994186,0.58685386427082331107,2.5253183765591522558,0.15127347300894719573,0.65086046331777003271,2.80072871480025265
139,1.2324990422912956604e-06,0.0066511895842756322758,1.4984929844149339484,0.33736937473728223491,0.7957585819323680365,0.3061112512946628228,-0.21483459869167681466,-0.026700098688074325182,-0.00096079552823167331966,2.2454928640414997254,0.50554570337986093342,1.1924381263164218758,0.11382925575059087142,0.26846437975819559263,0.63324232262649560177
140,4.6569686748939527734e-06,0.01035948666680469761,1.2409486596351826382,0.23935055054335452329,2.1474369317807568969,0.1397804706486861781,-0.22582994049325624819,0.11500808663112510599,0.041268401968165197014,1.5399785978831916911,0.29702894936040041829,2.6648597723871865206,0.057315603112926397089,0.51398876233065415864,4.6115074880354214315
141,1.0517676220341255847e-06,0.0063087559785460949405,1.8775331075932524261,0.49363407273372711392,1.1915223746102534541,0.69766588964423159602,0.094408592837692692501,-0.073012606529157697555,0.027259357637682911368,3.5251421861122471668,0.92681393958808333533,2.2371230813023852413,0.24368453245325266687,0.5881754524716388266,1.4197354335236980205
142,6.430136125462791834e-06,0.011535697327963357131,1.5094419175167179681,0.53448453612325297346,1.6439549896305252208,0.03893935541250890392,0.18329495332093026505,0.0098915573830629863195,-0.016474991212230619825,2.2784452674085606816,0.80677422887302874255,2.481458524853946912,0.28569924121499729042,0.87866431373608511191,2.7026210304658127015
143,2.1481700553362199205e-06,0.0080043612905190096585,1.3019249805800019448,0.27007618940061478563,1.1470542383775041984,0.57874359680209330747,-0.49310348134900611194,-0.21063003029611640504,-0.017636583394401428998,1.6950249697319030862,0.35162072577904834869,1.4933798212473168299,0.07295638076128610483,0.30979262811088031926,1.3157487626406092485
144,6.8685450764064392343e-07,0.0054734192400777426091,1.8886473792948781369,0.52340952034685161998,0.1070393983466742388,0.35624686680249145754,0.10689455846718802501,-0.062955453058494009744,-0.033941591530207239347,3.5669983999391297047,0.98853602240426707848,0.20215964755865278857,0.27396670660219130111,0.056025252413889656267,0.011467178248903442742
145,3.650159628141002071e-06,0.00955156237274549548,1.4954454731876960505,0.15890878799591329207,1.048216627974521753,0.29720224318201066138,-0.0048199887529232184405,0.091350786926039567737,-0.080514999058962838374,2.2363793355482384229,0.23763313278906267323,1.5675497163136067336,0.025274772194678642168,0.16657285884296382794,1.0987773736122752322
146,1.0403104863391269439e-06,0.0062857647376717267623,1.3259584050276269629,0.22582720784284762705,1.9938756828928678733,0.57211481757006488191,-0.42311283592917670049,-0.34723674498497864027,0.032076387751183030317,1.7581778359431259329,0.29943778202209747619,2.6437961206159110716,0.051007990154482325817,0.45027098753356492589,3.9755497168931936969
147,1.0822609615589657946e-05,0.013721906675386122756,1.4580422890987134732,0.45737189971364222707,1.9170348522702276295,0.24170462443110185546,-0.042866730212609990835,-0.072551209488138479475,-0.016535865371625730474,2.1259343619688046978,0.66687450766713141093,2.7951339603385738641,0.20922780448658573338,0.87680674452137330466,3.6750665746462329864
148,4.0794945868539219947e-06,0.0099122576911384995685,1.4359057398531864802,0.18224290837608048133,1.5835146481895916448,0.63398273366603952184,-0.57727083467414852525,-0.14870701213765821769,0.022933554367030706267,2.0618477898303608775,0.26168729659482908856,2.2737822371901348362,0.033233287860312460404,0.28859565759120925366,2.5075500629426663579
149,3.8664117595407147647e-05,0.020976828677621010832,1.5188521693888223929,0.50200183591126779081,2.0048599380295759609,0.13800996850925820181,0.089817986438519223369,0.078515810333285140921,-0.023984523636972829297,2.3070353439140824925,0.7624439370289606277,3.0450983917343026341,0.25208155107882096457,1.0064368207452036863,4.0195520593790181607
150,1.9061939982883459982e-06,0.007691767757658607256,1.1728350323761591589,0.3269114675514743773,1.0369487592165995693,0.22970643649170727207,-0.11938259726656352822,-0.12856879447661823113,0.022233014761471898285,1.3755575243433293409,0.38341204322074756705,1.2161685992721009697,0.10688379116136674518,0.33898971985011655539,1.0752783763913078552
151,2.203260703255567634e-06,0.0080722095315317217434,1.4964800154498141271,0.18851625785474890318,1.0144917090840046558,0.16791040734998638473,-0.18343233336408160117,-0.048995798183230875045,-0.093704853208188346181,2.2394696280410486544,0.28211326368937417186,1.5181640119425727775,0.035554875937055523127,0.19125021359970340029,1.0292076971190393664
152,8.9186299354704059929e-06,0.012864804125848219515,1.6502088229630442751,0.54107007620051261743,0.49870282509689056738,0.29386272961435017104,-0.0020139232896348039162,0.006893165655786960902,-0.0029861017087902544734,2.7232238252652392063,0.89288658347754057409,0.82296251270874321015,0.29279923612602742899,0.26983539703115666519,0.24873682740099131716
153,8.3334927087555628539e-07,0.0058377588400403863933,1.3609174888047830265,0.21479363193884823402,1.6192219615145806433,0.5767698073669961234,-0.6393513361870976075,-0.042098451294638357389,-0.039463962512684698514,1.8521059408874005481,0.29231627502555518339,2.203627562807111584,0.046145346543904175451,0.34779803196039493773,2.6218886017998253024
154,2.6907261331083505045e-06,0.0086283342846624686007,1.3413864308822951443,0.23467517458796466334,1.2302475505886489859,0.45926895670729278587,-0.24573853103335394077,-0.094175904254418837946,-0.042715250505549771931,1.7993414751905552063,0.31478661522221801361,1.6502354518244157777,0.055086705832895058177,0.28870796914896046381,1.5135257171856544289
155,1.1531052976915916745e-06,0.0065051920019754986765,1.3549937668271103686,0.22570410697057421978,1.822807062463320138,0.44062336450106909247,0.13261334725032444815,0.19594209017692820751,-0.014182439631020390264,1.836020224321344374,0.30582650899159236069,2.4698936205648380771,0.050952279460073142403,0.41141411843717318186,3.3226372498292420232
156,3.4484788727107996727e-06,0.0093723029894712088506,1.4912588130431079225,0.12094295437021725104,2.3428627610697967398,0.24952625409976258997,-0.32729229215863925306,-0.05773444853747993627,-0.13387844048857000523,2.2238790094963891697,0.18036529696431638503,3.493817528268417405,0.014648819116030567522,0.283350719433130116,5.4890232629670503428
157,3.469008621637034831e-06,0.0093908648411175511123,1.2962691520081373042,0.19217285207785103629,2.0987656270842478534,-0.016320794200240046345,-0.10707185198156486672,-0.073103950150895533056,0.036082508363948065377,1.6803369358134649936,0.24910748870800075716,2.7205637706566654366,0.036948344037390015715,0.40332147485065006354,4.4048384119801786696
158,4.1794857974676659541e-06,0.0099925902989024557171,1.4188028012528079991,0.16548140542445416434,1.246013474065629234,0.42529841689734781962,-0.47320006746174247958,0.095765344382590780747,0.029621171229778447964,2.0130297454837844384,0.23478071397647112817,1.7678525441813293106,0.027402783787028945489,0.20618630778152099992,1.5525753729433149353
159,1.9134226908183072089e-06,0.0077014784320434924447,1.3929867394338943942,0.19716588625391712197,1.6094914990275115407,0.52290225716324001404,-0.53384878216728381961,0.090983264595094259786,-0.034404101565859754319,1.9404258458465193371,0.27464972521166142183,2.2420001198751187133,0.038888462068345820699,0.31733901264114072749,2.5904789297581820584
160,5.1746201602956100993e-06,0.010729923417523703696,1.783419989671529482,0.55107156825377356935,0.61471387230286833603,0.53530860340194608149,-0.045901737638213153947,0.059502852027891572906,0.0012911605534715387463,3.1806117034989576098,0.98279118561191292081,1.0962941525128344633,0.30370938923713119983,0.33875094616510187384,0.37789558402019374217
161,1.1092351292346655655e-06,0.0064216259052537012428,1.357470330022544136,0.26381565222185893171,1.2668996105680228048,0.74335472745634600944,-0.23789566852416574316,0.0034638734132041953777,0.015651696417174430082,1.8427370505388864785,0.35812396515350963799,1.7197781321047151959,0.069609586846937812621,0.33422860479405491763,1.6050460403120652142
162,4.0046098564772157396e-06,0.0098512317104686129843,1.367596066148033751,0.15115960493022073674,2.207033153345822285,0.058025897144210025758,-0.16552904177358918059,-0.17064183894800569186,-0.049354158074753025354,1.8703445398646034725,0.20672827998096865443,3.0183331651467959489,0.022872716289126831385,0.33362255752895714211,4.8710165020055500307
163,3.1523642071071716444e-06,0.0090959750302918550291,1.361942322293056673,0.11113472782243885573,1.7694470402873057058,0.0068285853784947198042,-0.24032035292278380867,0.0031969163026070931966,0.09914869869195329366,1.8549078995535170922,0.15136636963679353518,2.4098812076336977306,0.01237368163388291066,0.19664436299731263835,3.130959708197597724
164,3.7288523397343870548e-05,0.020725047067944528389,1.6828391587490914016,0.5630442655902317961,0.91520370062136657818,0.35741551403348398308,0.0933400920157500813,0.092132004689639446227,-0.024592610312164839975,2.8320402575221033104,0.94754129694877164969,1.5401725204526044433,0.31710601415235822875,0.51529071602502751759,0.83771015691980654783
165,2.5476361236515278229e-06,0.0084725914077017124709,1.2653929944182720213,0.15414002301299312148,2.192755508932388242,-0.12212509360273271497,0.070295977787063701481,-0.013527708019780019036,0.081661693695316089903,1.6012369856144765823,0.19504673857654800107,2.7746980335322146693,0.023775795236235505725,0.33799241534828733391,4.808193603430909846
166,2.5525669334668135533e-06,0.0084780539635243411939,1.3728812885657166731,0.21154313302287558463,1.2140638213243371002,0.51610139714000802247,-0.50108468994922450435,0.018539877117333902756,0.025598913505429737175,1.8848257926968534637,0.2904246605742283327,1.6667707589789850786,0.044765415949838884002,0.25682474625157108994,1.4739668375817278623
167,1.3357775026914151065e-06,0.0068320101855304550542,1.335380387632729926,0.25991504893521699682,0.5275859995509692979,0.84844956594588505361,-0.63877059591357610024,0.089266627998877481898,-0.00087455734071435395609,1.7832535718099811195,0.34708516500874697641,0.70452847131910223411,0.067565888828366532648,0.1371277924547103233,0.27835917759367473368
168,9.1991558130215989825e-07,0.0060332750099179946468,1.4613480349738694475,0.21057501073955794957,1.7534096353225943066,0.88157370644047972075,-0.42308224462433080548,0.19288365412710953284,0.018838376195121749046,2.1355490174158759942,0.30772288921302409781,2.5623410482785797804,0.044351898669952045939,0.36922396635441095958,3.0744560490760952653
169,7.3142681061568691588e-07,0.0055893429188642014885,1.482700606084210726,0.13211154215986364857,0.51720802346388139448,0.16115968086109053181,-0.23765375718506509539,0.31597986221394663842,0.19571872724417083145,2.1984107540661166347,0.1958818972039131634,0.76686473384882070103,0.017463111259635365202,0.068329002757866977302,0.26751292853801184046
170,3.1807830648720882633e-06,0.0091232269887942044062,1.4973319880365574264,0.15626379518668964685,0.75898283927255016934,0.034831532748504423491,-0.40888672328592012839,0.075624444436849652673,0.030050546211460638091,2.2420253410425843299,0.23397663003423133099,1.1364551091121186666,0.024437973317033467174,0.11859484286495572403,0.57607514228906586684
171,1.703368478311972941e-05,0.015961486402756356467,1.7343266660880198859,0.57398764918405420499,0.84607412515634083938,0.4587803929798028868,0.0010885864698651575265,-0.031363423822570617172,-0.021416440365897928405,3.0079567811894207807,0.99547981272039876011,1.4673671071134650745,0.32950341967015861488,0.48564651267640063237,0.71589874306459522213
172,3.9846555061937650376e-06,0.0098348420709464760142,1.2894839905694510662,0.25271368817073641688,2.0002900111444383846,0.68183170766119760575,-0.50347406875781897106,0.054399465529697196842,-0.048467441355127781344,1.662786594417431596,0.32587042730101833943,2.5793429021626814723,0.063886081364857488785,0.5054965878060796447,4.0011871675266563742
173,1.1787116885837139951e-06,0.006552992340015965575,1.4586518496143563439,0.13574512586093273603,0.74453455484704200718,0.052901476535452844618,-0.1621718594134475,-0.052710443673378577778,0.095993685170254125505,2.1276760108424657147,0.1980056422355860879,1.0860167404295817395,0.01843589200945441528,0.10106528225489691541,0.55434381263031917708
174,2.9757654126623402228e-06,0.0089228452449954184789,1.3152985623070332366,0.21877025198609151291,1.7882388240221809284,0.29302525693391090478,-0.10043875384818506946,0.2002713351230296368,0.058387778726315411881,1.7300337152637514926,0.28775276616506467731,2.3520651306078894649,0.047879188752590978728,0.39121928226882168866,3.1978163099869556518
175,2.336136622255473642e-06,0.0082313274014497068987,1.4172534673427426011,0.098540802479608419207,1.4982933047800433002,0.053910270216688045697,-0.26436105978692564511,-0.010057607261135352583,0.10592645134789858974,2.0086266797772811543,0.13965796924438006466,2.1234618802369022994,0.0097238430743545687523,0.14764126392283644096,2.2448988641031859537
176,2.068344959305757182e-06,0.0079039609813533247967,1.5251614356935521144,0.15398482615676184482,0.70078179684042662956,0.17373066397019379381,-0.0092777692254153356494,-0.14763932879976604529,0.089024663459486244599,2.3261363467756259737,0.2348517678656495411,1.0688090642852432488,0.023724614181892228482,0.10790743500859877047,0.49110919841428302135
177,5.3549936511486182029e-07,0.0050375973324497331021,1.5830487343399890499,0.28610312308879604082,0.77152797544552842446,0.29344213038005900751,0.30777106739983056682,0.14580033694382701914,0.077804464192149563884,2.5060504834524541806,0.45291503980690717146,1.221366676887607472,0.081862218151090140883,0.22073693603678271047,0.5952628404462784184
178,1.4797198377321492952e-06,0.0070690919214946709367,1.5532710145667090185,0.36292035073086104102,1.7220379721104648318,0.11042898639708211006,-0.075807040937815040049,0.15886263002996109384,0.035547541430752421787,2.4126638873678349917,0.56371428886195185104,2.6747906910843060047,0.13172446829544176561,0.62496195976127710825,2.965426299386823672
179,2.5880576911796046447e-06,0.0085171660558495711213,1.574492124922003855,0.24362402441049216262,0.68840160814676709666,0.36305415945167412994,0.11884552554343207065,-0.24039262741351777319,0.086043036196151737038,2.4790434598297843571,0.3835842858271626965,1.0838862054106144228,0.05937027934101290344,0.16771173770508021605,0.47391288617559490515
180,2.7069676052784165468e-06,0.0086456599464974429048,1.8166690668792411234,0.51464545884354617744,0.34086043006083061035,0.27680824391231911852,0.065385686659868449966,0.096619811322964141431,0.047782753170614332416,3.3003044390867475322,0.93494389987458170754,0.619231454699933348,0.26487735829085679029,0.17542284997546622738,0.11620310659788997409
181,2.9436974267926141066e-06,0.0088906774185102989405,1.5866811622440557539,0.25287366391199972426,0.80389265628677786246,0.43183216311081695782,-0.21460522291804787209,0.006160014280942936564,-0.1787172225672127579,2.5175732835658326536,0.4012258127891549786,1.2755212925634342724,0.063965000061583482394,0.20328573717859510506,0.64626286788416376083
182,5.2221854034588193697e-06,0.010762699773107790163,1.2323950967794208289,0.28839648116326904725,1.2093319560963589065,0.33654344624458309987,-0.32059864196263515579,0.020981334270892618155,0.090054858590165404175,1.5188330926485757999,0.35542282582635620347,1.4906372729567762825,0.083192489620872236977,0.34905544003699201516,1.5015974131944223036
183,8.6281866825708345667e-06,0.012723608803000151582,1.2785182957794503089,0.29279630511126986114,0.59856267224354209322,0.62923425673582311646,-0.52384884121861541306,-0.11756318361714562792,-0.051325148881741236573,1.6346654779827503035,0.37434318293076995765,0.7652945841831234608,0.08575380202473613378,0.17525174184615063822,0.35831917659314038715
184,3.2307579448103195343e-06,0.0091707587859811631747,1.3972113352922450602,0.22161450983598901532,1.2878210062332844377,0.6887627507816074246,-0.60988179018969190803,0.23346024355981620513,-0.04249134202603257332,1.9522210942830522384,0.30963767744915993152,1.7993581008702677071,0.049131469966228705215,0.28539914229751728314,1.6585014078307336316
185,3.1873815663476862863e-05,0.019668978960805532513,1.2431988042299055852,0.29465930797443357081,0.33379985088803637572,0.53931124968176780143,-0.41147820778528004793,-0.063093868042802120355,0.018061679058872411041,1.54725719118756877,0.36538809877487965494,0.41527226783464760151,0.08735991710577542535,0.098186697605225428664,0.11152937462643464084
186,2.8257391627157676963e-06,0.0087703007647691403476,1.2961069638648743396,0.17513711275742324669,2.222333932397712708,0.11202504331376904323,0.016441054797125442127,0.1851509140320633795,0.035422039953515366273,1.6799138594185230033,0.2269955107309581388,2.8803787000649760941,0.030688351041656805607,0.38921481896832826886,4.9387864581498686078
187,2.127692011221782771e-06,0.0079788454193796612413,1.4840362554901509462,0.11528564553038694873,1.7705673761892075646,0.22625985913365925795,-0.7054357070645912442,-0.18387894608711208289,0.03677493777443064521,2.2023817693151634955,0.1710868368738900358,2.6275842255220847044,0.013308502526428822241,0.2041241645887371392,3.1349208873976630585
188,1.5492986827224855388e-05,0.015464961652225295632,1.5037829106460718354,0.27721539112717202835,1.5245476346126114464,0.14987283291924469175,0.15632127246724863978,-0.15462226150230878874,-0.0075210286998573872355,2.2614302809616906309,0.41690689124297047874,2.2925907225024273473,0.076912528182035422297,0.42262424574569462665,2.32428936506143069
189,1.318020180335915966e-06,0.0068016009796779287183,1.5768400435530323112,0.28263280473711421825,0.79217129833770849601,0.37655207520911304631,0.08435490054488721523,0.2484880582924602066,-0.076261144690899437815,2.4864359739803245652,0.44566538495136154285,1.2491282945983863684,0.079892657790645485449,0.22389264403998607178,0.62754798853108462175
190,2.6340188011710680604e-06,0.0085672890637637777456,1.182590819779709479,0.32262973700704911106,0.79711983622525994786,0.13714780541224869115,-0.18167077171978437966,-0.1247997397746308107,-0.016342763911625361739,1.3985429413072925087,0.38153983675233499318,0.94266356935867168243,0.10410577288246261607,0.25717598300214977725,0.63541605740892381782
191,1.0190878981392219883e-06,0.006242727024917936636,1.2909097313616102465,0.17752775824658922899,0.62407314302167804509,-0.15888066396219951981,-0.16581719910917558369,-0.049724865261893659574,0.064784093916949059277,1.6664575567706598758,0.22917300572513904511,0.80562208582745942209,0.031525043996733177754,0.11078978576511433474,0.38947787527721461354
192,2.4463957998409420359e-06,0.0083588404890869247993,1.2238587512973655436,0.30828831803390738253,0.61237901139273220874,0.60339549274487036534,-0.18451705961486417062,0.19168832087813772458,-0.036335210681414806255,1.4978526932751901057,0.37729712267402082393,0.74946617570264706387,0.095057697784926856177,0.18878890811015516804,0.37502118046123034123
193,1.941635639931333025e-06,0.007739146038984215728,1.5542991815123623489,0.32319090171434028402,1.6043837639941553874,0.27285206784399590463,0.17611947524369223061,0.35805155132511634619,0.032369851555268128185,2.4158625468267231895,0.50233674850482790131,2.4936895177102713639,0.10446414130903013129,0.51852131060945916285,2.5740628767290938406
194,1.1139491776158177529e-06,0.0064307099644904984828,1.5490314471527388829,0.18204931399314389084,0.70055211487496305001,0.10666282092943284165,0.037979431514727560182,-0.10511208278305606001,0.10706353830602745314,2.3995103398983981258,0.28200104420773824954,1.0851780232114467406,0.033153218385360741505,0.12753431383016303191,0.49078370134880044962
195,8.6435715642822486389e-07,0.0059092841578231910388,1.5347368045746789811,0.29811443415397848034,0.80400832201402328003,0.16200655331658128655,-0.10157045611073416136,-0.24234634498917728695,-0.085074360808794838307,2.3554263115584079813,0.45752635995647872313,1.2339418168851881141,0.088881942613824760357,0.23968616263738068417,0.64644047658034464732
196,3.6087176971168524246e-06,0.009515276951188682969,1.9075764163553399211,0.4889178200996229795,0.24567775057053645171,0.3008918111621064484,0.12307449172662814074,0.0089727376434848866299,-0.04560001526948709305,3.6388711192867120303,0.93265438741786954591,0.46864824790815357014,0.23906330341239512283,0.12011628759759951368,0.060375716841621705766
197,1.425019432103631823e-06,0.006980888891073549346,1.2457769191521514962,0.30863306920552374679,1.9767225006031508006,0.63308483493956813071,-0.5493456969562731107,0.15945745388652521335,0.013293431333492996757,1.5519725156490431495,0.38448728324718245419,2.462554056854034723,0.095264724463948069477,0.61008220994793804781,3.9074458376639782387
198,4.3655111905924598437e-06,0.01013869749883310363,1.2510919346186450962,0.30398225305856402256,1.930882324126886207,0.74403955206703820124,-0.53088654759596709543,0.10422938854948830822,-0.018523504939783240475,1.5652589343898257734,0.38031017411562573205,2.4157119183234208037,0.092431313090426792112,0.58693814702861235588,3.7283340921802738954
199,5.2879590906775955061e-06,0.010807696965835706868,1.1651997239518991911,0.36755477614779696882,0.85597973604498300837,0.52415154131987351516,-0.21086606613230898799,-0.21121147278193361241,-0.094637983271083303549,1.3577358980252496323,0.42826683753499578122,0.99736679024814722805,0.13511071766592352983,0.31462442501317583465,0.73274251200208262436
200,1.8401335191443972079e-06,0.0076018665676244661852,1.3341105363863339228,0.16761385756446062212,1.2172434714159079405,-0.21044552253708817546,-0.26299584461862030027,-0.1953702596354214005,-0.0085318230156766969308,1.7798628364692259396,0.22361421455860772123,1.6239370015823828552,0.028110692798032861639,0.20402679680926866235,1.4816959732076946388
201,3.9299511261046522084e-06,0.0097896277937291904109,1.5578416026822947682,0.26231759184728620227,1.5603590960461477533,0.075366452100625119792,0.098686173573125091085,0.13231504045030320627,0.055438466239613570785,2.4269164529008859787,0.40866827144378281567,2.4307539248753995409,0.068835118352614674264,0.40928515548131627622,2.4347765150310558546
202,4.1636279709105763688e-06,0.0099799363022225716369,1.337667155511369721,0.16470836781887138178,1.765880011387573667,-0.0037026850610860553153,-0.0047319406139647267329,-0.14431125064640892841,0.042607151483570637751,1.7893776749178442742,0.22032529182970878034,2.3621595796653189758,0.027148063926338703716,0.29085191299647816798,3.1183558861798048589
203,8.7878483599017431649e-07,0.0059419817691396294157,1.3520450232811533908,0.12562423456526630727,1.350574664635436406,-0.077113338939615541645,0.035861095988780060384,-0.17246509380420399493,0.061489145450441838603,1.8280368011244298998,0.16985039056261697077,1.8260375046829333545,0.015791409328736856488,0.1696645574811808943,1.8240602901068350139
204,1.273230302281833865e-06,0.0067236658037199041951,1.254174564214308063,0.26478736587008588899,1.7516706493816240897,0.30886515124481678241,-0.39257976624358814632,0.20522803080171841961,0.088971767212100774658,1.5729660739019915017,0.33209174337992652948,2.1969022987851536399,0.070122846557326867778,0.46381472305548820945,3.0689114872176701532
205,8.8669086995608424042e-07,0.0059597477148546169554,1.3577992934964302485,0.14719660178327792499,1.9083028329134401613,0.18998403328215521246,0.04419099633149441847,-0.1078238312938006177,-0.022687512737532673779,1.8436297445271949691,0.19986282615593800593,2.5910920163248127857,0.021676150066077849721,0.28089519492297687631,3.6416298042125516687
206,1.5299268137941914329e-05,0.015400235034309522203,1.5084149115707827793,0.28991915229072245941,1.5882733360293277425,-0.097889264460329472595,0.16947037214052648735,-0.052218765594617709558,-0.0090937969134261623094,2.2753827055202577867,0.43734843872524303832,2.3957974682719984649,0.084111892145954145206,0.46050405039147079833,2.522678815997677404
207,4.2158283020440405318e-06,0.010021470104622606789,1.36347647332352917,0.16027953060853386558,2.102328723368385166,0.0014869239490786592163,-0.25674397476477228697,-0.11054449169694290089,0.0065899526468420370137,1.8590966302121616494,0.21853758481870419472,2.8664816957873546777,0.025702109853740967571,0.3369601116945316055,4.4198194590694850348
208,9.6901100958606969324e-07,0.0061387512281860122029,1.340213073527967147,0.18774618756804720143,2.1048060660587601944,0.44365324597392913342,-0.27879079534614747971,0.19821776292047957324,0.011392116091757352458,1.7961823362210007637,0.25161978533556450532,2.8208891540922800267,0.035257731226010870229,0.39516938065924273049,4.430217131116225282
209,6.2052471412351957575e-06,0.011399614313030438997,1.177852934635783333,0.32378590342072749442,1.1712151209928540752,0.14712948435561620797,-0.29266512708682596022,-0.080059435235054640656,0.012230499617098201243,1.3873925122529335852,0.38136421423878413828,1.3795298350685472055,0.10485564892931388548,0.3792171188393943515,1.3717740930806519017
210,1.285745196396318748e-06,0.0067456235396218750325,1.2659627993994186923,0.29357345515844901485,2.1584956781803787962,0.51082490375520428483,-0.22000254387893233843,-0.056283918784129575996,0.086914880312682366026,1.6026735965189737865,0.37165403636524396713,2.732574375392518462,0.086197284391915568458,0.63367776266681619113,4.6591153739380137822
211,4.4603909791612700875e-06,0.010211623007906733829,1.89639291449154479,0.47026449144404763869,0.19750112697360172609,0.16800565336716122289,0.042355549161880307052,-0.0027666312776475254949,-0.04150054193073700326,3.5963220614302744416,0.89180964649651439657,0.3745536525869490041,0.22116384515294637558,0.092907208374800168138,0.03923327287305690414
212,9.7193428268599633073e-06,0.013238824670886830195,1.161836428572738722,0.38398874567780294509,0.85520774780754849065,1.0379545728017343098,-0.5750151640572341849,0.011033941625880063289,-0.051736835642406074631,1.3499694401141741906,0.44611666292139479095,0.99356565304288346763,0.14746621117963151781,0.32840176799082404502,0.73144894649160707711
213,1.7881138841444839645e-06,0.0075295471181592342827,1.5744374069700366459,0.29825516301770432781,1.5713466233361816915,0.35224201645573222086,0.15689580683741233269,-0.17716728766764475167,0.035617829670975181822,2.4788669683752493356,0.46958339171614110752,2.4739858750739727178,0.088969842228753093227,0.46866420403890840518,2.4691442219712453898
214,1.508644995513141138e-06,0.0071148565631749633928,1.4338279431922771323,0.13779974733315034086,0.7365751921341399111,-0.08538514312230106873,-0.48335501741155306732,-0.32393085355797163194,0.043694249460678770414,2.0558746590303718094,0.19758296414597739665,1.0561225308201052098,0.019002345232161477889,0.10150257168363334415,0.54255588072882066086
215,1.6769891376337448397e-06,0.0073702216134257161895,1.5530477351949241172,0.30976153736643630143,1.5943051234169312025,0.32344308585823267066,0.39112309173674464358,0.11048639785938209334,0.040311831385313211251,2.4119761465864923977,0.48107683882937396502,2.4760272617254144301,0.095964595182268852547,0.4938537048599870305,2.5418213043228421455
